--
-- PostgreSQL database dump
--

-- Dumped from database version 17.4
-- Dumped by pg_dump version 17.4

SET statement_timeout = 0;
SET lock_timeout = 0;
SET idle_in_transaction_session_timeout = 0;
SET transaction_timeout = 0;
SET client_encoding = 'UTF8';
SET standard_conforming_strings = on;
SELECT pg_catalog.set_config('search_path', '', false);
SET check_function_bodies = false;
SET xmloption = content;
SET client_min_messages = warning;
SET row_security = off;

SET default_tablespace = '';

SET default_table_access_method = heap;

--
-- Name: categories; Type: TABLE; Schema: public; Owner: postgres
--

CREATE TABLE public.categories (
    category_id integer NOT NULL,
    created_at timestamp(6) without time zone,
    updated_at timestamp(6) without time zone,
    code character varying(30) NOT NULL,
    icon character varying(255),
    name_en character varying(60) NOT NULL,
    name_vn character varying(60) NOT NULL
);


ALTER TABLE public.categories OWNER TO postgres;

--
-- Name: categories_category_id_seq; Type: SEQUENCE; Schema: public; Owner: postgres
--

ALTER TABLE public.categories ALTER COLUMN category_id ADD GENERATED BY DEFAULT AS IDENTITY (
    SEQUENCE NAME public.categories_category_id_seq
    START WITH 1
    INCREMENT BY 1
    NO MINVALUE
    NO MAXVALUE
    CACHE 1
);


--
-- Name: departments; Type: TABLE; Schema: public; Owner: postgres
--

CREATE TABLE public.departments (
    department_id integer NOT NULL,
    created_at timestamp(6) without time zone,
    updated_at timestamp(6) without time zone,
    email character varying(255) NOT NULL,
    name character varying(255) NOT NULL
);


ALTER TABLE public.departments OWNER TO postgres;

--
-- Name: departments_department_id_seq; Type: SEQUENCE; Schema: public; Owner: postgres
--

ALTER TABLE public.departments ALTER COLUMN department_id ADD GENERATED BY DEFAULT AS IDENTITY (
    SEQUENCE NAME public.departments_department_id_seq
    START WITH 1
    INCREMENT BY 1
    NO MINVALUE
    NO MAXVALUE
    CACHE 1
);


--
-- Name: notifications; Type: TABLE; Schema: public; Owner: postgres
--

CREATE TABLE public.notifications (
    id bigint NOT NULL,
    created_at timestamp(6) without time zone,
    link character varying(255),
    message character varying(255),
    read boolean NOT NULL,
    title character varying(255),
    user_id integer
);


ALTER TABLE public.notifications OWNER TO postgres;

--
-- Name: notifications_id_seq; Type: SEQUENCE; Schema: public; Owner: postgres
--

ALTER TABLE public.notifications ALTER COLUMN id ADD GENERATED BY DEFAULT AS IDENTITY (
    SEQUENCE NAME public.notifications_id_seq
    START WITH 1
    INCREMENT BY 1
    NO MINVALUE
    NO MAXVALUE
    CACHE 1
);


--
-- Name: order_items; Type: TABLE; Schema: public; Owner: postgres
--

CREATE TABLE public.order_items (
    order_item_id integer NOT NULL,
    created_at timestamp(6) without time zone,
    updated_at timestamp(6) without time zone,
    quantity integer NOT NULL,
    order_id integer NOT NULL,
    product_id integer NOT NULL
);


ALTER TABLE public.order_items OWNER TO postgres;

--
-- Name: order_items_order_item_id_seq; Type: SEQUENCE; Schema: public; Owner: postgres
--

ALTER TABLE public.order_items ALTER COLUMN order_item_id ADD GENERATED BY DEFAULT AS IDENTITY (
    SEQUENCE NAME public.order_items_order_item_id_seq
    START WITH 1
    INCREMENT BY 1
    NO MINVALUE
    NO MAXVALUE
    CACHE 1
);


--
-- Name: order_summaries; Type: TABLE; Schema: public; Owner: postgres
--

CREATE TABLE public.order_summaries (
    id bigint NOT NULL,
    approved_count integer,
    date date,
    department_id integer,
    pending_count integer,
    rejected_count integer,
    total_orders integer
);


ALTER TABLE public.order_summaries OWNER TO postgres;

--
-- Name: order_summaries_id_seq; Type: SEQUENCE; Schema: public; Owner: postgres
--

ALTER TABLE public.order_summaries ALTER COLUMN id ADD GENERATED BY DEFAULT AS IDENTITY (
    SEQUENCE NAME public.order_summaries_id_seq
    START WITH 1
    INCREMENT BY 1
    NO MINVALUE
    NO MAXVALUE
    CACHE 1
);


--
-- Name: orders; Type: TABLE; Schema: public; Owner: postgres
--

CREATE TABLE public.orders (
    order_id integer NOT NULL,
    created_at timestamp(6) without time zone,
    updated_at timestamp(6) without time zone,
    admin_comment character varying(255),
    status character varying(255) NOT NULL,
    approved_by integer,
    department_id integer NOT NULL,
    created_by integer NOT NULL,
    signed_pdf_path character varying(255),
    order_number character varying(255),
    CONSTRAINT orders_status_check CHECK (((status)::text = ANY ((ARRAY['pending'::character varying, 'exported'::character varying, 'submitted'::character varying, 'approved'::character varying, 'rejected'::character varying])::text[])))
);


ALTER TABLE public.orders OWNER TO postgres;

--
-- Name: orders_order_id_seq; Type: SEQUENCE; Schema: public; Owner: postgres
--

ALTER TABLE public.orders ALTER COLUMN order_id ADD GENERATED BY DEFAULT AS IDENTITY (
    SEQUENCE NAME public.orders_order_id_seq
    START WITH 1
    INCREMENT BY 1
    NO MINVALUE
    NO MAXVALUE
    CACHE 1
);


--
-- Name: password_reset_token; Type: TABLE; Schema: public; Owner: postgres
--

CREATE TABLE public.password_reset_token (
    token character varying(255) NOT NULL,
    created_at timestamp(6) without time zone,
    updated_at timestamp(6) without time zone,
    expires_at timestamp(6) without time zone,
    user_id integer
);


ALTER TABLE public.password_reset_token OWNER TO postgres;

--
-- Name: password_reset_tokens; Type: TABLE; Schema: public; Owner: postgres
--

CREATE TABLE public.password_reset_tokens (
    token character varying(255) NOT NULL,
    expires_at timestamp(6) without time zone NOT NULL,
    user_id integer NOT NULL
);


ALTER TABLE public.password_reset_tokens OWNER TO postgres;

--
-- Name: products; Type: TABLE; Schema: public; Owner: postgres
--

CREATE TABLE public.products (
    product_id integer NOT NULL,
    created_at timestamp(6) without time zone,
    updated_at timestamp(6) without time zone,
    code character varying(255) NOT NULL,
    name character varying(255) NOT NULL,
    unit_id integer NOT NULL,
    category_id integer,
    image character varying(255),
    name_en character varying(255),
    name_vn character varying(255)
);


ALTER TABLE public.products OWNER TO postgres;

--
-- Name: products_product_id_seq; Type: SEQUENCE; Schema: public; Owner: postgres
--

ALTER TABLE public.products ALTER COLUMN product_id ADD GENERATED BY DEFAULT AS IDENTITY (
    SEQUENCE NAME public.products_product_id_seq
    START WITH 1
    INCREMENT BY 1
    NO MINVALUE
    NO MAXVALUE
    CACHE 1
);


--
-- Name: units; Type: TABLE; Schema: public; Owner: postgres
--

CREATE TABLE public.units (
    unit_id integer NOT NULL,
    created_at timestamp(6) without time zone,
    updated_at timestamp(6) without time zone,
    name_en character varying(255) NOT NULL,
    name_vn character varying(255) NOT NULL
);


ALTER TABLE public.units OWNER TO postgres;

--
-- Name: units_unit_id_seq; Type: SEQUENCE; Schema: public; Owner: postgres
--

ALTER TABLE public.units ALTER COLUMN unit_id ADD GENERATED BY DEFAULT AS IDENTITY (
    SEQUENCE NAME public.units_unit_id_seq
    START WITH 1
    INCREMENT BY 1
    NO MINVALUE
    NO MAXVALUE
    CACHE 1
);


--
-- Name: users; Type: TABLE; Schema: public; Owner: postgres
--

CREATE TABLE public.users (
    user_id integer NOT NULL,
    created_at timestamp(6) without time zone,
    updated_at timestamp(6) without time zone,
    password character varying(255) NOT NULL,
    role character varying(255) NOT NULL,
    username character varying(255) NOT NULL,
    department_id integer NOT NULL,
    email character varying(255),
    active boolean DEFAULT true NOT NULL,
    CONSTRAINT users_role_check CHECK (((role)::text = ANY ((ARRAY['USER'::character varying, 'ADMIN'::character varying])::text[])))
);


ALTER TABLE public.users OWNER TO postgres;

--
-- Name: users_user_id_seq; Type: SEQUENCE; Schema: public; Owner: postgres
--

ALTER TABLE public.users ALTER COLUMN user_id ADD GENERATED BY DEFAULT AS IDENTITY (
    SEQUENCE NAME public.users_user_id_seq
    START WITH 1
    INCREMENT BY 1
    NO MINVALUE
    NO MAXVALUE
    CACHE 1
);


--
-- Data for Name: categories; Type: TABLE DATA; Schema: public; Owner: postgres
--

COPY public.categories (category_id, created_at, updated_at, code, icon, name_en, name_vn) FROM stdin;
4	2025-05-22 22:03:19.400835	2025-06-25 20:12:49.468832	PEN	4_Ball points & gel pens.webp	Ball-point & Gel Pens	Bút bi & Bút mực
10	2025-05-22 22:03:19.447851	2025-06-27 20:40:15.649774	CLIP	10_Clips & Staplers.jpg	Clips & Staplers	Kẹp, Kim, Ghim & Bấm
6	2025-05-22 22:03:19.416839	2025-06-27 20:40:24.16477	PENCIL	6_pencil & leads.webp	Pencils & Leads	Bút chì & Ruột chì
14	2025-05-22 22:03:19.473373	2025-06-27 20:40:34.232405	RULER	14_rulers.jpg	Rulers	Dụng cụ đo & Thước
13	2025-05-22 22:03:19.467373	2025-06-27 20:40:43.624402	PRINT_PAPER	13_printing papers.jpg	Printing Paper	Giấy in & Tiêu đề
2	2025-05-22 22:03:19.384833	2025-06-27 20:40:51.48014	ENVELOPE	2_Envelopes.jpeg	Envelopes	Bao thư & Phong bì
11	2025-05-22 22:03:19.454374	2025-06-27 20:41:00.763569	STICKY_NOTE	11_sticky notes.jpg	Sticky Notes	Giấy ghi chú & Nhãn dán
9	2025-05-22 22:03:19.440851	2025-06-27 20:52:24.632589	CUTTING	9_cutting and punching.jpg	Cutting & Punching	Cắt, Dao, Kéo & Lỗ đục
7	2025-05-22 22:03:19.422837	2025-06-27 20:52:34.96525	HIGHLIGHTER	7_highlighters.webp	Highlighters	Bút dạ quang / Marker
15	2025-05-22 22:03:19.480372	2025-06-27 20:52:43.451147	MISC	15_miscellaneous.jpg	Miscellaneous	Khác
12	2025-05-22 22:03:19.460371	2025-06-27 20:52:53.570749	NOTEBOOK	12_notebook.webp	Notebooks	Sổ / Tập / Notebook
3	2025-05-22 22:03:19.391834	2025-06-27 20:53:05.408316	FILE	3_files and folders.jpg	Files & Folders	Bìa / File / Trang ký
1	2025-05-22 22:03:19.317261	2025-06-27 20:53:28.561599	ADHESIVE	1_adhesives and tapes.webp	Adhesives & Tapes	Băng keo & Keo dán
5	2025-05-22 22:03:19.408844	2025-06-27 20:53:38.801155	WHITEBOARD	5_whiteboard markers.png	Whiteboard Markers	Bút viết bảng
8	2025-05-22 22:03:19.431834	2025-06-27 20:53:48.102558	CORRECTION	8_erasers and correctors.jpg	Erasers & Correct.	Gôm / Xoá / Correction
\.


--
-- Data for Name: departments; Type: TABLE DATA; Schema: public; Owner: postgres
--

COPY public.departments (department_id, created_at, updated_at, email, name) FROM stdin;
1	2025-04-14 01:39:46.003243	2025-04-14 01:39:46.003243	admin-dept@company.com	Administration
3	2025-04-14 01:39:54.507438	2025-04-14 01:39:54.507438	sales@company.com	Sales
2	2025-04-14 01:39:50.777474	2025-04-14 01:39:50.777474	tindien1995@gmail.com	Human Resources
\.


--
-- Data for Name: notifications; Type: TABLE DATA; Schema: public; Owner: postgres
--

COPY public.notifications (id, created_at, link, message, read, title, user_id) FROM stdin;
5	2025-05-09 13:45:13.792505	/order-history	Your stationery order has been approved!	t	Order #12 approved	2
1	2025-05-08 14:20:26.572467	/order-history	Your stationery order has been approved!	t	Order #8 approved	2
2	2025-05-08 14:33:25.73646	/order-history	Your stationery order has been approved!	t	Order #9 approved	3
3	2025-05-08 14:56:34.835797	/order-history	Your stationery order has been approved!	t	Order #10 approved	3
4	2025-05-08 15:20:08.812437	/order-history	Your stationery order has been approved!	t	Order #11 approved	3
6	2025-05-10 18:28:18.950272	/order-history	Your stationery order has been approved!	t	Order #13 approved	2
7	2025-05-14 10:28:40.265061	/order-history	Your stationery order has been approved!	t	Order #14 approved	1
10	2025-05-21 12:01:40.59291	/admin/orders	Department Human Resources has submitted the signed order.	f	Signed Order Submitted	\N
11	2025-05-21 17:39:33.646618	/admin/orders	Department Human Resources has exported an order for signing.	f	New Order Exported	\N
12	2025-05-21 17:58:48.77853	/admin/orders	Department Human Resources has exported an order for signing.	f	New Order Exported	\N
\.


--
-- Data for Name: order_items; Type: TABLE DATA; Schema: public; Owner: postgres
--

COPY public.order_items (order_item_id, created_at, updated_at, quantity, order_id, product_id) FROM stdin;
1	2025-06-11 12:38:44.065562	2025-06-11 12:38:44.065562	1	19	65
2	2025-06-11 16:18:16.188528	2025-06-11 16:18:16.188528	4	20	65
3	2025-06-11 16:18:16.255299	2025-06-11 16:18:16.255299	5	20	71
4	2025-06-11 16:22:00.885943	2025-06-11 16:22:00.885943	1	21	1
5	2025-06-11 16:32:33.334118	2025-06-11 16:32:33.334118	1	22	23
6	2025-06-11 16:32:48.336867	2025-06-11 16:32:48.336867	1	23	1
7	2025-06-11 16:33:27.585806	2025-06-11 16:33:27.585806	1	24	3
8	2025-06-11 16:33:27.591807	2025-06-11 16:33:27.591807	3	24	4
9	2025-06-11 16:34:54.703024	2025-06-11 16:34:54.703024	1	25	4
10	2025-06-16 11:47:20.855666	2025-06-16 11:47:20.855666	1	26	35
11	2025-06-16 11:47:21.242176	2025-06-16 11:47:21.242176	1	26	49
12	2025-06-16 11:47:21.252176	2025-06-16 11:47:21.252176	1	26	34
13	2025-06-16 11:47:21.269176	2025-06-16 11:47:21.269176	3	26	93
14	2025-06-18 17:45:35.74062	2025-06-18 17:45:35.74062	1	27	49
15	2025-06-29 16:37:43.823385	2025-06-29 16:37:43.823385	1	28	35
16	2025-06-29 16:37:43.893758	2025-06-29 16:37:43.893758	4	28	9
17	2025-06-29 16:40:26.6111	2025-06-29 16:40:26.6111	3	29	30
18	2025-06-29 16:40:26.618102	2025-06-29 16:40:26.618102	3	29	29
19	2025-06-29 16:41:59.457643	2025-06-29 16:41:59.457643	3	30	30
20	2025-06-29 16:41:59.465648	2025-06-29 16:41:59.465648	3	30	29
21	2025-06-29 16:48:48.392865	2025-06-29 16:48:48.392865	3	31	30
22	2025-06-29 16:48:48.399879	2025-06-29 16:48:48.399879	3	31	29
23	2025-06-29 16:59:26.843039	2025-06-29 16:59:26.843039	1	32	49
24	2025-06-29 16:59:26.849036	2025-06-29 16:59:26.849036	1	32	35
25	2025-06-29 16:59:26.85304	2025-06-29 16:59:26.85304	1	32	93
26	2025-06-29 17:08:26.312304	2025-06-29 17:08:26.312304	2	33	29
27	2025-06-29 17:08:26.3153	2025-06-29 17:08:26.3153	1	33	30
28	2025-06-29 17:08:26.319301	2025-06-29 17:08:26.319301	1	33	31
29	2025-06-29 17:08:26.323301	2025-06-29 17:08:26.323301	1	33	32
30	2025-06-29 17:46:16.271322	2025-06-29 17:46:16.271322	1	34	71
31	2025-06-29 17:46:16.284866	2025-06-29 17:46:16.284866	4	34	67
\.


--
-- Data for Name: order_summaries; Type: TABLE DATA; Schema: public; Owner: postgres
--

COPY public.order_summaries (id, approved_count, date, department_id, pending_count, rejected_count, total_orders) FROM stdin;
1	1	2025-04-16	2	0	0	1
2	1	2025-04-19	2	0	0	1
3	1	2025-04-20	2	0	0	1
4	1	2025-05-07	2	0	0	1
5	4	2025-05-08	2	0	0	4
\.


--
-- Data for Name: orders; Type: TABLE DATA; Schema: public; Owner: postgres
--

COPY public.orders (order_id, created_at, updated_at, admin_comment, status, approved_by, department_id, created_by, signed_pdf_path, order_number) FROM stdin;
4	2025-04-16 14:41:51.36572	2025-04-19 01:30:32.30789	\N	approved	1	2	2	\N	\N
5	2025-04-19 15:49:16.420239	2025-04-25 16:03:53.844816	\N	approved	2	2	2	\N	\N
6	2025-04-20 12:35:27.098678	2025-04-25 16:03:55.329514	\N	approved	2	2	2	\N	\N
7	2025-05-07 11:48:58.004744	2025-05-08 01:33:43.943659	\N	approved	1	2	2	\N	\N
8	2025-05-08 14:19:37.562683	2025-05-08 14:20:39.874858	\N	approved	1	2	1	\N	\N
9	2025-05-08 14:32:57.886959	2025-05-08 14:33:39.241653	\N	approved	1	2	1	\N	\N
10	2025-05-08 14:56:06.748368	2025-05-08 14:56:48.099805	\N	approved	2	3	3	\N	\N
11	2025-05-08 15:12:57.427424	2025-05-08 15:20:22.521603	okkk	approved	2	3	3	\N	\N
12	2025-05-09 13:42:38.50063	2025-05-09 13:45:27.505268	\N	approved	1	3	3	\N	\N
13	2025-05-10 18:28:03.614657	2025-05-10 18:28:19.315061	\N	approved	1	2	2	\N	\N
14	2025-05-14 10:20:17.164612	2025-05-14 10:28:40.617727	\N	approved	1	2	1	\N	\N
15	2025-05-14 10:24:30.993448	2025-05-21 12:01:40.740608	\N	submitted	\N	2	1	\N	\N
16	2025-05-21 14:58:05.388112	2025-05-21 14:58:05.388112	\N	pending	\N	2	2	\N	\N
17	2025-05-21 17:39:26.679212	2025-05-21 17:39:33.654605	\N	exported	\N	2	2	\N	\N
18	2025-05-21 17:53:54.672027	2025-05-21 17:58:48.857066	\N	exported	\N	2	2	\N	\N
19	2025-06-11 12:38:43.549976	2025-06-11 12:38:43.549976	\N	pending	\N	2	2	\N	\N
20	2025-06-11 16:18:15.558827	2025-06-11 16:18:15.558827	\N	pending	\N	2	2	\N	\N
21	2025-06-11 16:22:00.876947	2025-06-11 16:22:00.877945	\N	pending	\N	2	2	\N	\N
22	2025-06-11 16:32:33.310116	2025-06-11 16:32:33.310116	\N	pending	\N	2	2	\N	\N
23	2025-06-11 16:32:48.329195	2025-06-11 16:32:48.329195	\N	pending	\N	2	2	\N	\N
24	2025-06-11 16:33:27.57881	2025-06-11 16:33:27.57881	\N	pending	\N	2	2	\N	\N
25	2025-06-11 16:34:54.697012	2025-06-11 16:34:54.697012	\N	pending	\N	2	2	\N	\N
26	2025-06-16 11:47:17.706666	2025-06-16 11:47:17.707663	\N	pending	\N	2	2	\N	\N
27	2025-06-18 17:45:35.38862	2025-06-18 17:45:35.38862	\N	pending	\N	2	2	\N	\N
28	2025-06-29 16:37:43.64006	2025-06-29 16:37:43.897756	\N	pending	\N	2	2	\N	ORD-HUM-63894-0028
29	2025-06-29 16:40:26.603097	2025-06-29 16:40:33.79912	PDF exported successfully	exported	\N	2	2	\N	ORD-HUM-26620-0029
30	2025-06-29 16:41:59.445644	2025-06-29 16:42:10.330773	PDF exported successfully	exported	\N	2	2	\N	ORD-HUM-19469-0030
31	2025-06-29 16:48:48.386355	2025-06-29 16:48:52.584367	PDF exported successfully	exported	\N	2	2	\N	ORD-HUM-28402-0031
32	2025-06-29 16:59:26.803061	2025-06-29 16:59:30.005457	PDF exported successfully	exported	\N	2	2	\N	ORD-HUM-66855-0032
33	2025-06-29 17:08:26.3043	2025-06-29 17:08:37.231121	PDF exported successfully	exported	\N	2	2	\N	ORD-HUM-06325-0033
34	2025-06-29 17:46:16.195	2025-06-29 18:43:40.967673	Approved by admin	approved	1	2	2	uploads\\signed-orders\\order-34-signed-1751195322648.pdf	ORD-HUM-76288-0034
\.


--
-- Data for Name: password_reset_token; Type: TABLE DATA; Schema: public; Owner: postgres
--

COPY public.password_reset_token (token, created_at, updated_at, expires_at, user_id) FROM stdin;
\.


--
-- Data for Name: password_reset_tokens; Type: TABLE DATA; Schema: public; Owner: postgres
--

COPY public.password_reset_tokens (token, expires_at, user_id) FROM stdin;
\.


--
-- Data for Name: products; Type: TABLE DATA; Schema: public; Owner: postgres
--

COPY public.products (product_id, created_at, updated_at, code, name, unit_id, category_id, image, name_en, name_vn) FROM stdin;
44	2025-05-23 10:53:23.223879	2025-05-23 10:53:23.223879	B44	Bút lông dầu to (mực đen)	1	7	\N	\N	\N
45	2025-05-23 10:53:23.235404	2025-05-23 10:53:23.235404	B45	Bút xóa nước	1	8	\N	\N	\N
46	2025-05-23 10:53:23.248404	2025-05-23 10:53:23.248404	B46	Bút dán bàn	11	15	\N	\N	\N
47	2025-05-23 10:53:23.260403	2025-05-23 10:53:23.260403	B47	Băng keo xốp 2 mặt	2	1	\N	\N	\N
48	2025-05-23 10:53:23.271405	2025-05-23 10:53:23.271405	C01	Cắt băng keo nhỏ	5	1	\N	\N	\N
49	2025-05-23 10:53:23.283404	2025-05-23 10:53:23.283404	C02	Chuốt bút chì nhỏ	5	6	\N	\N	\N
52	2025-05-23 10:53:23.315413	2025-05-23 10:53:23.315413	D03	Đồ bôi bảng	5	15	\N	\N	\N
53	2025-05-23 10:53:23.324413	2025-05-23 10:53:23.324413	D04	Đĩa CD	5	15	\N	\N	\N
54	2025-05-23 10:53:23.333979	2025-05-23 10:53:23.333979	D05	Đĩa DVD	5	15	\N	\N	\N
55	2025-05-23 10:53:23.344951	2025-05-23 10:53:23.344951	D06	Võ đĩa CD vi tính	5	15	\N	\N	\N
61	2025-05-23 11:42:50.483792	2025-05-23 11:42:50.483792	H01	Hộp đựng bút	5	15	\N	\N	\N
57	2025-05-23 10:53:23.647187	2025-05-23 10:53:23.647187	G07	Giấy ghi chú 5 x 7.5 cm	3	11	\N	\N	\N
58	2025-05-23 10:53:23.662174	2025-05-23 10:53:23.662174	G08	Giấy ghi chú 7.5 x 7.5 cm	3	11	\N	\N	\N
59	2025-05-23 10:53:23.677173	2025-05-23 10:53:23.677173	G09	Giấy ghi chú 7.5 x 12.5 cm	3	11	\N	\N	\N
62	2025-05-23 11:42:50.49479	2025-05-23 11:42:50.49479	H02	Bìa hộp xi có chốt 10 cm	5	3	\N	\N	\N
63	2025-05-23 11:42:50.507791	2025-05-23 11:42:50.507791	H03	Bìa hộp xi có chốt 15 cm	5	3	\N	\N	\N
64	2025-05-23 11:42:50.522796	2025-05-23 11:42:50.522796	H04	Bìa hộp xi có chốt 20 cm	5	3	\N	\N	\N
69	2025-05-23 11:42:50.589327	2025-06-30 16:49:14.346595	K05	Máy bấm 23/24	5	10	\N	\N	\N
60	2025-05-23 11:42:50.438259	2025-05-23 11:50:46.731843	G10	Gôm Pentel	5	8	\N	\N	\N
70	2025-05-23 11:42:50.605328	2025-05-23 11:42:50.605328	K06	Kéo Trung	1	9	\N	\N	\N
71	2025-05-23 11:42:50.619294	2025-05-23 11:42:50.619294	K07	Kẹp đen bướm 15 mm	4	10	\N	\N	\N
72	2025-05-23 11:42:50.632904	2025-05-23 11:42:50.632904	K08	Kẹp đen bướm 19 mm	4	10	\N	\N	\N
73	2025-05-23 11:42:50.645941	2025-05-23 11:42:50.645941	K09	Kẹp đen bướm 25 mm	4	10	\N	\N	\N
74	2025-05-23 11:42:50.658686	2025-05-23 11:42:50.658686	K10	Kẹp đen bướm 32 mm	4	10	\N	\N	\N
50	2025-05-23 10:53:23.293407	2025-06-30 16:49:14.285421	D01	Đồ chặn sách	11	15	\N	\N	\N
51	2025-05-23 10:53:23.304401	2025-06-30 16:49:14.294453	D02	Dây thun	16	15	\N	\N	\N
65	2025-05-23 11:42:50.536795	2025-06-30 16:49:14.30845	K01	Kim bấm (24/6)	4	10	\N	\N	\N
66	2025-05-23 11:42:50.549793	2025-06-30 16:49:14.318424	K02	Kim bấm 23/08	4	10	\N	\N	\N
67	2025-05-23 11:42:50.563804	2025-06-30 16:49:14.3274	K03	Kim bấm 23/10	4	10	\N	\N	\N
1	2025-05-23 10:36:24.787399	2025-06-27 22:07:17.938074	B01	Băng keo 2 mặt mỏng 1,2cm	2	1	1.jpg	\N	\N
68	2025-05-23 11:42:50.576314	2025-06-30 16:49:14.337628	K04	Kim bấm 23/15	4	10	\N	\N	\N
2	2025-05-23 10:36:25.061047	2025-06-27 22:07:32.296322	B02	Băng keo 2 mặt mỏng 2,4cm	2	1	2.jpg	\N	\N
3	2025-05-23 10:36:25.08226	2025-06-27 22:07:42.846551	B03	Băng keo 2cm (trong)	2	1	3.webp	\N	\N
4	2025-05-23 10:36:25.101262	2025-06-27 22:08:01.314269	B04	Băng keo 5cm (trong)	2	1	4.jpg	\N	\N
5	2025-05-23 10:36:25.120263	2025-06-27 22:08:10.988	B05	Băng keo dán gáy sách 3.5 cm	2	1	5.jpg	\N	\N
6	2025-05-23 10:36:25.137298	2025-06-27 22:08:20.181081	B06	Băng keo dán gáy sách 5 cm	2	1	6.jpg	\N	\N
7	2025-05-23 10:36:25.155356	2025-06-27 22:08:28.88077	B07	Băng keo giấy 2.4	2	1	7.jpeg	\N	\N
8	2025-05-23 10:53:22.456719	2025-06-27 22:08:40.487897	B08	Bao thư trắng (12 x 22)cm	3	2	8.jpg	\N	\N
9	2025-05-23 10:53:22.586268	2025-06-27 22:08:48.144599	B09	Bao thư trắng (25 x 35)cm	3	2	9.jpg	\N	\N
10	2025-05-23 10:53:22.602258	2025-06-27 22:09:04.080996	B10	Bìa còng đại Kokoyo F4	5	3	10.jpg	\N	\N
11	2025-05-23 10:53:22.620273	2025-06-27 22:09:20.590706	B11	Bìa còng nhựa 3,5cm	5	3	11.jpg	\N	\N
12	2025-05-23 10:53:22.636792	2025-06-27 22:09:29.852732	B12	Bìa hồ sơ 20 lá	5	3	12.jpeg	\N	\N
13	2025-05-23 10:53:22.659794	2025-06-27 22:09:38.301813	B13	Bìa hồ sơ 40 lá	5	3	13.webp	\N	\N
14	2025-05-23 10:53:22.674793	2025-06-27 22:09:47.3753	B14	Bìa hồ sơ 60 lá	5	3	14.jpeg	\N	\N
15	2025-05-23 10:53:22.696798	2025-06-27 22:09:57.331749	B15	Bìa kiếng mi ca	3	3	15.jpeg	\N	\N
16	2025-05-23 10:53:22.712805	2025-06-27 22:10:09.886467	B16	Bìa giấy màu A4 dày (xanh dương)	3	3	16.jpg	\N	\N
17	2025-05-23 10:53:22.729362	2025-06-27 22:10:22.426187	B17	Bìa nhựa lỗ	4	3	17.jpg	\N	\N
18	2025-05-23 10:53:22.746361	2025-06-27 22:10:37.651132	B18	Bìa nhựa trong A4	3	3	18.jpeg	\N	\N
20	2025-05-23 10:53:22.775359	2025-06-27 22:10:48.067212	B20	Bìa phân trang nhựa	6	3	20.jpg	\N	\N
21	2025-05-23 10:53:22.821368	2025-06-27 22:10:58.16094	B21	Bìa trình ký 1 mặt (nhựa)	5	3	21.jpg	\N	\N
22	2025-05-23 10:53:22.837725	2025-06-27 22:11:08.321395	B22	Bìa trình ký 2 mặt (si)	5	3	22.jpg	\N	\N
23	2025-05-23 10:53:22.855725	2025-06-27 22:11:18.590276	B23	Bút bảng Thiên Long (Đen)	1	5	23.webp	\N	\N
24	2025-05-23 10:53:22.886725	2025-06-27 22:11:30.023186	B24	Bút bảng Thiên Long (Đỏ)	1	5	24.jpg	\N	\N
25	2025-05-23 10:53:22.899727	2025-06-27 22:11:39.622423	B25	Bút bảng Thiên Long (Xanh)	1	5	25.webp	\N	\N
29	2025-05-23 10:53:23.003258	2025-06-27 22:11:49.644473	B29	Bút bi Cello Comfort	1	4	29.jpg	\N	\N
30	2025-05-23 10:53:23.046328	2025-06-27 22:12:00.897178	B30	Bút bi Thiên Long 031	1	4	30.webp	\N	\N
31	2025-05-23 10:53:23.063329	2025-06-27 22:12:13.247209	B31	Bút bi Thiên Long FO-03 (Đen)	1	4	31.webp	\N	\N
32	2025-05-23 10:53:23.079328	2025-06-27 22:12:28.825537	B32	Bút bi Thiên Long FO-03 (Đỏ)	1	4	32.webp	\N	\N
33	2025-05-23 10:53:23.093332	2025-06-27 22:12:42.982211	B33	Bút bi Thiên Long FO-03 (xanh)	1	4	33.webp	\N	\N
35	2025-05-23 10:53:23.120342	2025-06-27 22:12:53.603819	B35	Bút chì cây / hiệu staedler	1	6	35.webp	\N	\N
36	2025-05-23 10:53:23.131869	2025-06-27 22:13:12.325494	B36	Bút dạ quang TL (cam)	1	7	36.jpeg	\N	\N
37	2025-05-23 10:53:23.14487	2025-06-27 22:13:20.72096	B37	Bút dạ quang TL (hồng)	1	7	37.webp	\N	\N
38	2025-05-23 10:53:23.159868	2025-06-27 22:13:31.423747	B38	Bút dạ quang TL (vàng)	1	7	38.webp	\N	\N
39	2025-05-23 10:53:23.16887	2025-06-27 22:13:42.240408	B39	Bút dạ quang TL (xanh dương)	1	7	39.webp	\N	\N
40	2025-05-23 10:53:23.180874	2025-06-27 22:13:50.093796	B40	Bút dạ quang TL (Xanh lá)	1	7	40.webp	\N	\N
41	2025-05-23 10:53:23.191869	2025-06-27 22:13:59.386609	B41	Bút ghi đĩa Thiên Long (Xanh)	1	15	41.jpeg	\N	\N
42	2025-05-23 10:53:23.201868	2025-06-27 22:14:08.412892	B42	Bút CLICK Gel 0.7 (Xanh/Đen)	1	15	42.webp	\N	\N
43	2025-05-23 10:53:23.212879	2025-06-27 22:14:18.691912	B43	Bút R1 Gel 0.5 (Xanh/Đen)	1	15	43.webp	\N	\N
34	2025-05-23 10:53:23.107343	2025-06-30 16:49:13.262513	B34	Bút chì bấm Pentel	1	6	\N	\N	\N
75	2025-05-23 11:42:50.672639	2025-05-23 11:42:50.672639	K11	Kẹp đen bướm 41 mm	4	10	\N	\N	\N
76	2025-05-23 11:42:50.702235	2025-05-23 11:42:50.702235	K12	Kẹp đen bướm 51mm	4	10	\N	\N	\N
77	2025-05-23 11:42:50.712229	2025-05-23 11:42:50.712229	K13	Kẹp ghim giấy	4	10	\N	\N	\N
78	2025-05-23 11:42:50.724229	2025-05-23 11:42:50.724229	K14	Kim bấm 10 Plus	4	10	\N	\N	\N
79	2025-05-23 11:42:50.736996	2025-05-23 11:42:50.736996	K15	Kim bấm số 23/8	4	10	\N	\N	\N
80	2025-05-23 11:42:50.792533	2025-05-23 11:42:50.792533	M01	Máy bấm 10 Plus	5	10	\N	\N	\N
81	2025-05-23 11:42:50.802175	2025-05-23 11:42:50.802175	M02	Máy tính Casio 12 số	5	15	\N	\N	\N
82	2025-05-23 11:42:50.812181	2025-05-23 11:42:50.812181	M03	Máy tính Casio 14 số	5	15	\N	\N	\N
83	2025-05-23 11:42:50.822176	2025-05-23 11:42:50.822176	M04	Mực dấu Horse (Đỏ)	7	15	\N	\N	\N
84	2025-05-23 11:42:50.832182	2025-05-23 11:42:50.832182	M05	Mực dấu Horse (Xanh)	7	15	\N	\N	\N
85	2025-05-23 11:42:50.84018	2025-05-23 11:42:50.84018	M06	Mực dấu Shiny 15ml (Đen)	7	15	\N	\N	\N
86	2025-05-23 11:42:50.851179	2025-05-23 11:42:50.851179	M07	Mực dấu Shiny 15ml (Đỏ)	7	15	\N	\N	\N
87	2025-05-23 11:42:50.859177	2025-05-23 11:42:50.859177	M08	Mực dấu Shiny 15ml (Xanh)	7	15	\N	\N	\N
88	2025-05-23 11:42:50.868199	2025-05-23 11:42:50.868199	M09	Mực dấu Shiny 28ml (Đỏ)	7	15	\N	\N	\N
131	2025-05-23 12:19:27.833382	2025-05-23 12:19:27.833382	G05	Giấy in ảnh	3	13	\N	\N	\N
133	2025-06-27 21:59:57.224833	2025-06-27 21:59:57.224833	B27	Bút bảng Thiên Long (Đỏ)	1	5	\N	\N	\N
111	2025-05-23 12:19:27.542856	2025-06-30 16:49:14.196882	G11	Lưỡi dao rọc giấy lớn	4	9	\N	\N	\N
89	2025-05-23 11:50:47.029015	2025-05-23 11:50:47.029015	P01	Pin AA Enersizer	10	15	\N	\N	\N
90	2025-05-23 11:50:47.066566	2025-05-23 11:50:47.066566	P02	Pin AAA Enersizer	10	15	\N	\N	\N
91	2025-05-23 11:50:47.077189	2025-05-23 11:50:47.077189	P03	Pin nút CR1632	10	15	\N	\N	\N
134	2025-06-27 21:59:57.236926	2025-06-27 21:59:57.236926	B28	Bút bảng Thiên Long (Xanh)	1	5	\N	\N	\N
93	2025-05-23 11:50:47.153205	2025-05-23 11:50:47.153205	R01	Ruột chì 0.5	12	6	\N	\N	\N
112	2025-05-23 12:19:27.551854	2025-06-30 16:49:14.207879	G12	Sáp đếm tiền	4	15	\N	\N	\N
113	2025-05-23 12:19:27.560859	2025-06-30 16:49:14.231895	G13	Ghim giấy inox Deli	1	10	\N	\N	\N
19	2025-05-23 10:53:22.761359	2025-06-30 09:11:24.795354	B19	Bìa hồ sơ nút bấm (F4)	5	10	\N	\N	\N
56	2025-05-23 10:53:23.354957	2025-06-30 16:49:13.881837	G01	Gỡ kim	5	10	\N	\N	\N
94	2025-05-23 12:19:27.34477	2025-05-23 12:19:27.34477	S01	Sổ caro 25x33	15	12	\N	\N	\N
95	2025-05-23 12:19:27.353768	2025-05-23 12:19:27.353768	S02	Sổ lò xo A5 TMG-8592	15	12	\N	\N	\N
96	2025-05-23 12:19:27.364767	2025-05-23 12:19:27.364767	S03	Sổ lò xo (10x15)	15	12	\N	\N	\N
97	2025-05-23 12:19:27.373775	2025-05-23 12:19:27.373775	T01	Tập 100 trang	15	12	\N	\N	\N
98	2025-05-23 12:19:27.38377	2025-05-23 12:19:27.38377	T02	Tập 200 trang	15	12	\N	\N	\N
99	2025-05-23 12:19:27.393773	2025-05-23 12:19:27.393773	T03	Tem dán giấy 4 màu	3	11	\N	\N	\N
100	2025-05-23 12:19:27.401769	2025-05-23 12:19:27.401769	T04	Tem dán nhựa 5 màu	3	11	\N	\N	\N
101	2025-05-23 12:19:27.419781	2025-05-23 12:19:27.419781	T05	Tem Dán SIGN HERE vàng	3	11	\N	\N	\N
102	2025-05-23 12:19:27.432293	2025-05-23 12:19:27.43331	T06	Thước kẻ nhựa 3 tấc dày	1	14	\N	\N	\N
105	2025-05-23 12:19:27.473305	2025-05-23 12:19:27.473305	N01	Nhựa ép A4	4	15	\N	\N	\N
106	2025-05-23 12:19:27.490305	2025-05-23 12:19:27.490305	N02	Nam châm	10	15	\N	\N	\N
107	2025-05-23 12:19:27.500306	2025-05-23 12:19:27.500306	M10	Máy bấm lỗ trung	5	10	\N	\N	\N
108	2025-05-23 12:19:27.514306	2025-05-23 12:19:27.514306	M11	Máy bấm lỗ nhỏ	5	10	\N	\N	\N
109	2025-05-23 12:19:27.52533	2025-05-23 12:19:27.52533	A01	Acco nhựa	4	15	\N	\N	\N
110	2025-05-23 12:19:27.532844	2025-05-23 12:19:27.532844	V01	Vòng gia cố	4	15	\N	\N	\N
114	2025-05-23 12:19:27.568862	2025-05-23 12:19:27.568862	G14	Giấy in A4 (màu vàng/hồng)	9	13	\N	\N	\N
115	2025-05-23 12:19:27.578861	2025-05-23 12:19:27.578861	G15	Giấy tiêu đề	9	13	\N	\N	\N
116	2025-05-23 12:19:27.585861	2025-05-23 12:19:27.585861	B48	Bao thư nhỏ có logo	3	2	\N	\N	\N
117	2025-05-23 12:19:27.593867	2025-05-23 12:19:27.593867	B49	Bao thư A4 có logo	3	2	\N	\N	\N
118	2025-05-23 12:19:27.601861	2025-05-23 12:19:27.601861	G16	Giấy decal 8x12cm	8	11	\N	\N	\N
119	2025-05-23 12:19:27.609855	2025-05-23 12:19:27.609855	B53	Gum dán Stick - Tack	8	15	\N	\N	\N
120	2025-05-23 12:19:27.617878	2025-05-23 12:19:27.617878	B54	Bìa treo	4	3	\N	\N	\N
121	2025-05-23 12:19:27.625883	2025-05-23 12:19:27.625883	C03	Đồ đục lỗ (lớn)	5	9	\N	\N	\N
92	2025-05-23 11:50:47.102187	2025-06-30 16:49:13.997256	P04	Pin 9V	10	15	\N	\N	\N
103	2025-05-23 12:19:27.449308	2025-06-30 16:49:14.063311	X01	Xóa kéo Plus	1	9	\N	\N	\N
122	2025-05-23 12:19:27.653412	2025-05-23 12:19:27.653412	M55	Mực dấu trodat màu (xanh/đỏ)	7	15	\N	\N	\N
123	2025-05-23 12:19:27.663405	2025-05-23 12:19:27.663405	T07	Tampon Shiny SP-3 (mực đỏ/xanh)	4	15	\N	\N	\N
104	2025-05-23 12:19:27.462306	2025-06-30 16:49:14.072309	R02	Ruột xóa kéo (plus)	5	9	\N	\N	\N
124	2025-05-23 12:19:27.683409	2025-05-23 12:19:27.683409	S07	Máy bấm kim 23/8	5	10	\N	\N	\N
125	2025-05-23 12:19:27.703412	2025-05-23 12:19:27.703412	M20	Máy bấm kim lớn 23/17	5	10	\N	\N	\N
126	2025-05-23 12:19:27.711406	2025-05-23 12:19:27.711406	M21	Máy bấm kim 24/6	5	10	\N	\N	\N
127	2025-05-23 12:19:27.71944	2025-05-23 12:19:27.71944	M22	Máy bấm kim 23/24	5	10	\N	\N	\N
128	2025-05-23 12:19:27.72744	2025-05-23 12:19:27.72744	M23	Máy bấm lỗ (Loại lớn)	5	10	\N	\N	\N
129	2025-05-23 12:19:27.734834	2025-05-23 12:19:27.734834	M24	Đinh ghim bảng	4	10	\N	\N	\N
130	2025-05-23 12:19:27.771836	2025-05-23 12:19:27.771836	B55	Bảng tên nhựa dẻo	5	15	\N	\N	\N
132	2025-06-27 21:59:56.96603	2025-06-27 21:59:56.96603	B26	Bút bảng Thiên Long (Đen)	1	5	\N	\N	\N
\.


--
-- Data for Name: units; Type: TABLE DATA; Schema: public; Owner: postgres
--

COPY public.units (unit_id, created_at, updated_at, name_en, name_vn) FROM stdin;
1	2025-05-22 22:03:19.498371	2025-05-22 22:03:19.498371	piece	cây
2	2025-05-22 22:03:19.513372	2025-05-22 22:03:19.513372	roll	cuộn
3	2025-05-22 22:03:19.515372	2025-05-22 22:03:19.515372	pack	xấp
4	2025-05-22 22:03:19.517375	2025-05-22 22:03:19.517375	box	hộp
5	2025-05-22 22:03:19.519373	2025-05-22 22:03:19.519373	item	cái
6	2025-05-22 22:03:19.520374	2025-05-22 22:03:19.520374	set	bộ
7	2025-05-22 22:03:19.522375	2025-05-22 22:03:19.522375	bottle	chai
8	2025-05-22 22:03:19.524372	2025-05-22 22:03:19.524372	bag	bao
9	2025-05-22 22:03:19.526413	2025-05-22 22:03:19.526413	ream	ream
11	2025-05-22 22:03:19.531375	2025-05-22 22:03:19.531375	pair	cặp
12	2025-05-22 22:03:19.533412	2025-05-22 22:03:19.533412	tube	ống
13	2025-05-23 11:26:49.211609	2025-05-23 11:26:49.211609	block	cục
10	2025-05-22 22:03:19.528373	2025-05-23 11:42:46.034125	card	vĩ
15	2025-05-23 12:19:22.52079	2025-05-23 12:19:22.52079	book	cuốn
16	2025-05-23 12:19:27.751839	2025-05-23 12:19:27.751839	bịch	bịch
\.


--
-- Data for Name: users; Type: TABLE DATA; Schema: public; Owner: postgres
--

COPY public.users (user_id, created_at, updated_at, password, role, username, department_id, email, active) FROM stdin;
2	2025-04-14 01:43:31.609472	2025-04-16 11:41:59.300139	$2a$10$qJ/BoFu8Z/ftIniSLfGJc.HpxErWe8hJwGCPEpFb.NGKsdq6IhcU2	USER	hruser	2	\N	t
3	2025-04-17 14:31:07.453204	2025-04-17 14:31:07.453204	$2a$10$hEzMm0EWVFr0aN.VXLXKQu5/gLYf.D.mqCJwWy27oIdWSwmxE8Z3u	USER	saleuser	3	\N	t
1	2025-04-14 01:40:33.537319	2025-04-17 14:49:13.809842	$2a$10$vs5C9sHYOimGROjPYCaMY.OhWMCv3wDOvQkXURZqJGlsp8LTZYJeS	ADMIN	admin	2	\N	t
5	2025-04-17 14:56:16.00026	2025-04-17 14:56:25.168526	$2a$10$..9f27IylNvxHimCjVTDrusmPRL4wtgp4RDfESvSsBnoPpO4UvxIC	USER	testuser1	1	\N	t
6	2025-05-14 10:39:42.206794	2025-05-14 10:39:42.206794	$2a$10$m8maPqAAOBgAIamtJSB7EegvWgsh2lqcSvH90452ZjH4kYOwq0R9q	USER	sale	3	\N	t
\.


--
-- Name: categories_category_id_seq; Type: SEQUENCE SET; Schema: public; Owner: postgres
--

SELECT pg_catalog.setval('public.categories_category_id_seq', 15, true);


--
-- Name: departments_department_id_seq; Type: SEQUENCE SET; Schema: public; Owner: postgres
--

SELECT pg_catalog.setval('public.departments_department_id_seq', 1, false);


--
-- Name: notifications_id_seq; Type: SEQUENCE SET; Schema: public; Owner: postgres
--

SELECT pg_catalog.setval('public.notifications_id_seq', 12, true);


--
-- Name: order_items_order_item_id_seq; Type: SEQUENCE SET; Schema: public; Owner: postgres
--

SELECT pg_catalog.setval('public.order_items_order_item_id_seq', 31, true);


--
-- Name: order_summaries_id_seq; Type: SEQUENCE SET; Schema: public; Owner: postgres
--

SELECT pg_catalog.setval('public.order_summaries_id_seq', 5, true);


--
-- Name: orders_order_id_seq; Type: SEQUENCE SET; Schema: public; Owner: postgres
--

SELECT pg_catalog.setval('public.orders_order_id_seq', 34, true);


--
-- Name: products_product_id_seq; Type: SEQUENCE SET; Schema: public; Owner: postgres
--

SELECT pg_catalog.setval('public.products_product_id_seq', 134, true);


--
-- Name: units_unit_id_seq; Type: SEQUENCE SET; Schema: public; Owner: postgres
--

SELECT pg_catalog.setval('public.units_unit_id_seq', 16, true);


--
-- Name: users_user_id_seq; Type: SEQUENCE SET; Schema: public; Owner: postgres
--

SELECT pg_catalog.setval('public.users_user_id_seq', 6, true);


--
-- Name: categories categories_pkey; Type: CONSTRAINT; Schema: public; Owner: postgres
--

ALTER TABLE ONLY public.categories
    ADD CONSTRAINT categories_pkey PRIMARY KEY (category_id);


--
-- Name: departments departments_pkey; Type: CONSTRAINT; Schema: public; Owner: postgres
--

ALTER TABLE ONLY public.departments
    ADD CONSTRAINT departments_pkey PRIMARY KEY (department_id);


--
-- Name: notifications notifications_pkey; Type: CONSTRAINT; Schema: public; Owner: postgres
--

ALTER TABLE ONLY public.notifications
    ADD CONSTRAINT notifications_pkey PRIMARY KEY (id);


--
-- Name: order_items order_items_pkey; Type: CONSTRAINT; Schema: public; Owner: postgres
--

ALTER TABLE ONLY public.order_items
    ADD CONSTRAINT order_items_pkey PRIMARY KEY (order_item_id);


--
-- Name: order_summaries order_summaries_pkey; Type: CONSTRAINT; Schema: public; Owner: postgres
--

ALTER TABLE ONLY public.order_summaries
    ADD CONSTRAINT order_summaries_pkey PRIMARY KEY (id);


--
-- Name: orders orders_pkey; Type: CONSTRAINT; Schema: public; Owner: postgres
--

ALTER TABLE ONLY public.orders
    ADD CONSTRAINT orders_pkey PRIMARY KEY (order_id);


--
-- Name: password_reset_token password_reset_token_pkey; Type: CONSTRAINT; Schema: public; Owner: postgres
--

ALTER TABLE ONLY public.password_reset_token
    ADD CONSTRAINT password_reset_token_pkey PRIMARY KEY (token);


--
-- Name: password_reset_tokens password_reset_tokens_pkey; Type: CONSTRAINT; Schema: public; Owner: postgres
--

ALTER TABLE ONLY public.password_reset_tokens
    ADD CONSTRAINT password_reset_tokens_pkey PRIMARY KEY (token);


--
-- Name: products products_pkey; Type: CONSTRAINT; Schema: public; Owner: postgres
--

ALTER TABLE ONLY public.products
    ADD CONSTRAINT products_pkey PRIMARY KEY (product_id);


--
-- Name: categories uk1ny8s4106i5dr1rd0vmstq4ay; Type: CONSTRAINT; Schema: public; Owner: postgres
--

ALTER TABLE ONLY public.categories
    ADD CONSTRAINT uk1ny8s4106i5dr1rd0vmstq4ay UNIQUE (name_vn);


--
-- Name: products uk57ivhy5aj3qfmdvl6vxdfjs4p; Type: CONSTRAINT; Schema: public; Owner: postgres
--

ALTER TABLE ONLY public.products
    ADD CONSTRAINT uk57ivhy5aj3qfmdvl6vxdfjs4p UNIQUE (code);


--
-- Name: categories ukd576rarhe2iffdxdeo5y1mksw; Type: CONSTRAINT; Schema: public; Owner: postgres
--

ALTER TABLE ONLY public.categories
    ADD CONSTRAINT ukd576rarhe2iffdxdeo5y1mksw UNIQUE (name_en);


--
-- Name: departments ukddtdaeberog13f5n9tjtsabak; Type: CONSTRAINT; Schema: public; Owner: postgres
--

ALTER TABLE ONLY public.departments
    ADD CONSTRAINT ukddtdaeberog13f5n9tjtsabak UNIQUE (email);


--
-- Name: password_reset_token ukf90ivichjaokvmovxpnlm5nin; Type: CONSTRAINT; Schema: public; Owner: postgres
--

ALTER TABLE ONLY public.password_reset_token
    ADD CONSTRAINT ukf90ivichjaokvmovxpnlm5nin UNIQUE (user_id);


--
-- Name: units uki5oge15lu30xoqbrtu57acnu9; Type: CONSTRAINT; Schema: public; Owner: postgres
--

ALTER TABLE ONLY public.units
    ADD CONSTRAINT uki5oge15lu30xoqbrtu57acnu9 UNIQUE (name_en);


--
-- Name: categories ukiwylx6fb2dqdw8kfc31vaiiyp; Type: CONSTRAINT; Schema: public; Owner: postgres
--

ALTER TABLE ONLY public.categories
    ADD CONSTRAINT ukiwylx6fb2dqdw8kfc31vaiiyp UNIQUE (code);


--
-- Name: departments ukj6cwks7xecs5jov19ro8ge3qk; Type: CONSTRAINT; Schema: public; Owner: postgres
--

ALTER TABLE ONLY public.departments
    ADD CONSTRAINT ukj6cwks7xecs5jov19ro8ge3qk UNIQUE (name);


--
-- Name: password_reset_tokens ukla2ts67g4oh2sreayswhox1i6; Type: CONSTRAINT; Schema: public; Owner: postgres
--

ALTER TABLE ONLY public.password_reset_tokens
    ADD CONSTRAINT ukla2ts67g4oh2sreayswhox1i6 UNIQUE (user_id);


--
-- Name: orders uknthkiu7pgmnqnu86i2jyoe2v7; Type: CONSTRAINT; Schema: public; Owner: postgres
--

ALTER TABLE ONLY public.orders
    ADD CONSTRAINT uknthkiu7pgmnqnu86i2jyoe2v7 UNIQUE (order_number);


--
-- Name: units ukpy0urraoo9g7ve2ly5os8vret; Type: CONSTRAINT; Schema: public; Owner: postgres
--

ALTER TABLE ONLY public.units
    ADD CONSTRAINT ukpy0urraoo9g7ve2ly5os8vret UNIQUE (name_vn);


--
-- Name: users ukr43af9ap4edm43mmtq01oddj6; Type: CONSTRAINT; Schema: public; Owner: postgres
--

ALTER TABLE ONLY public.users
    ADD CONSTRAINT ukr43af9ap4edm43mmtq01oddj6 UNIQUE (username);


--
-- Name: units units_pkey; Type: CONSTRAINT; Schema: public; Owner: postgres
--

ALTER TABLE ONLY public.units
    ADD CONSTRAINT units_pkey PRIMARY KEY (unit_id);


--
-- Name: users users_pkey; Type: CONSTRAINT; Schema: public; Owner: postgres
--

ALTER TABLE ONLY public.users
    ADD CONSTRAINT users_pkey PRIMARY KEY (user_id);


--
-- Name: password_reset_token fk83nsrttkwkb6ym0anu051mtxn; Type: FK CONSTRAINT; Schema: public; Owner: postgres
--

ALTER TABLE ONLY public.password_reset_token
    ADD CONSTRAINT fk83nsrttkwkb6ym0anu051mtxn FOREIGN KEY (user_id) REFERENCES public.users(user_id);


--
-- Name: orders fk_orders_created_by; Type: FK CONSTRAINT; Schema: public; Owner: postgres
--

ALTER TABLE ONLY public.orders
    ADD CONSTRAINT fk_orders_created_by FOREIGN KEY (created_by) REFERENCES public.users(user_id);


--
-- Name: order_items fkbioxgbv59vetrxe0ejfubep1w; Type: FK CONSTRAINT; Schema: public; Owner: postgres
--

ALTER TABLE ONLY public.order_items
    ADD CONSTRAINT fkbioxgbv59vetrxe0ejfubep1w FOREIGN KEY (order_id) REFERENCES public.orders(order_id);


--
-- Name: orders fkbx4wth20alhgwovxy6ydr0cly; Type: FK CONSTRAINT; Schema: public; Owner: postgres
--

ALTER TABLE ONLY public.orders
    ADD CONSTRAINT fkbx4wth20alhgwovxy6ydr0cly FOREIGN KEY (department_id) REFERENCES public.departments(department_id);


--
-- Name: products fkeex0i50vfsa5imebrfdiyhmp9; Type: FK CONSTRAINT; Schema: public; Owner: postgres
--

ALTER TABLE ONLY public.products
    ADD CONSTRAINT fkeex0i50vfsa5imebrfdiyhmp9 FOREIGN KEY (unit_id) REFERENCES public.units(unit_id);


--
-- Name: orders fkhxlmoj0lqxlnfmwnjfpgl1nbb; Type: FK CONSTRAINT; Schema: public; Owner: postgres
--

ALTER TABLE ONLY public.orders
    ADD CONSTRAINT fkhxlmoj0lqxlnfmwnjfpgl1nbb FOREIGN KEY (approved_by) REFERENCES public.users(user_id);


--
-- Name: password_reset_tokens fkk3ndxg5xp6v7wd4gjyusp15gq; Type: FK CONSTRAINT; Schema: public; Owner: postgres
--

ALTER TABLE ONLY public.password_reset_tokens
    ADD CONSTRAINT fkk3ndxg5xp6v7wd4gjyusp15gq FOREIGN KEY (user_id) REFERENCES public.users(user_id);


--
-- Name: order_items fkocimc7dtr037rh4ls4l95nlfi; Type: FK CONSTRAINT; Schema: public; Owner: postgres
--

ALTER TABLE ONLY public.order_items
    ADD CONSTRAINT fkocimc7dtr037rh4ls4l95nlfi FOREIGN KEY (product_id) REFERENCES public.products(product_id);


--
-- Name: products fkog2rp4qthbtt2lfyhfo32lsw9; Type: FK CONSTRAINT; Schema: public; Owner: postgres
--

ALTER TABLE ONLY public.products
    ADD CONSTRAINT fkog2rp4qthbtt2lfyhfo32lsw9 FOREIGN KEY (category_id) REFERENCES public.categories(category_id);


--
-- Name: users fksbg59w8q63i0oo53rlgvlcnjq; Type: FK CONSTRAINT; Schema: public; Owner: postgres
--

ALTER TABLE ONLY public.users
    ADD CONSTRAINT fksbg59w8q63i0oo53rlgvlcnjq FOREIGN KEY (department_id) REFERENCES public.departments(department_id);


--
-- PostgreSQL database dump complete
--

